,Rk,Player,Pos,Age,Tm,G,GS,MP,FG,FGA,FG%,3P,3PA,3P%,2P,2PA,2P%,eFG%,FT,FTA,FT%,ORB,DRB,TRB,AST,STL,BLK,TOV,PF,PTS,Player-additional
1,2,Steven Adams,C,29,MEM,42,42,27.0,3.7,6.3,0.597,0.0,0.0,0.0,3.7,6.2,0.599,0.597,1.1,3.1,0.364,5.1,6.5,11.5,2.3,0.9,1.1,1.9,2.3,8.6,adamsst01
2,3,Bam Adebayo,C,25,MIA,75,75,34.6,8.0,14.9,0.54,0.0,0.2,0.083,8.0,14.7,0.545,0.541,4.3,5.4,0.806,2.5,6.7,9.2,3.2,1.2,0.8,2.5,2.8,20.4,adebaba01
4,5,Santi Aldama,PF,22,MEM,77,20,21.8,3.2,6.8,0.47,1.2,3.5,0.353,2.0,3.4,0.591,0.56,1.4,1.9,0.75,1.1,3.7,4.8,1.3,0.6,0.6,0.8,1.9,9.0,aldamsa01
7,6,Nickeil Alexander-Walker,SG,24,MIN,23,0,15.5,2.1,5.4,0.384,1.1,3.1,0.361,1.0,2.3,0.415,0.488,0.6,0.9,0.619,0.3,1.5,1.8,1.4,0.3,0.3,0.4,1.3,5.9,alexani01
8,7,Grayson Allen,SG,27,MIL,72,70,27.4,3.4,7.7,0.44,2.0,5.1,0.399,1.4,2.7,0.518,0.571,1.6,1.8,0.905,0.8,2.4,3.3,2.3,0.9,0.2,1.0,1.6,10.4,allengr01
9,8,Jarrett Allen,C,24,CLE,68,68,32.6,5.9,9.2,0.644,0.0,0.1,0.1,5.9,9.1,0.653,0.645,2.4,3.3,0.733,3.3,6.5,9.8,1.7,0.8,1.2,1.4,2.3,14.3,allenja01
11,10,Kyle Anderson,PF,29,MIN,69,46,28.4,3.7,7.2,0.509,0.6,1.5,0.41,3.0,5.7,0.536,0.553,1.4,2.0,0.735,1.0,4.4,5.3,4.9,1.1,0.9,1.5,2.1,9.4,anderky01
12,11,Giannis Antetokounmpo,PF,28,MIL,63,63,32.1,11.2,20.3,0.553,0.7,2.7,0.275,10.5,17.6,0.596,0.572,7.9,12.3,0.645,2.2,9.6,11.8,5.7,0.8,0.8,3.9,3.1,31.1,antetgi01
13,12,Thanasis Antetokounmpo,PF,30,MIL,37,0,5.6,0.5,1.2,0.435,0.0,0.2,0.0,0.5,1.0,0.526,0.435,0.3,0.6,0.5,0.4,0.8,1.2,0.4,0.1,0.1,0.3,0.6,1.4,antetth01
17,15,Ryan Arcidiacono,PG,28,NYK,11,0,2.4,0.1,0.5,0.2,0.1,0.3,0.333,0.0,0.2,0.0,0.3,0.0,0.0,,0.0,0.4,0.4,0.2,0.2,0.0,0.1,0.3,0.3,arcidry01
20,17,Deandre Ayton,C,24,PHO,67,67,30.4,7.8,13.2,0.589,0.1,0.4,0.292,7.7,12.9,0.597,0.592,2.3,3.0,0.76,2.6,7.4,10.0,1.7,0.6,0.8,1.8,2.8,18.0,aytonde01
23,20,Patrick Baldwin Jr.,SF,20,GSW,31,0,7.3,1.4,3.5,0.394,1.0,2.7,0.381,0.4,0.8,0.44,0.541,0.1,0.2,0.667,0.0,1.3,1.3,0.4,0.2,0.1,0.4,0.5,3.9,baldwpa01
27,22,Mo Bamba,C,24,LAL,9,1,9.8,1.2,3.0,0.407,0.6,1.8,0.313,0.7,1.2,0.545,0.5,0.7,1.2,0.545,1.2,3.3,4.6,0.4,0.1,0.6,0.9,2.1,3.7,bambamo01
29,24,Desmond Bane,SG,24,MEM,58,58,31.7,7.8,16.2,0.479,2.9,7.0,0.408,4.9,9.2,0.534,0.568,3.1,3.5,0.883,0.7,4.3,5.0,4.4,1.0,0.4,2.2,2.6,21.5,banede01
32,27,Harrison Barnes,PF,30,SAC,82,82,32.5,4.6,9.6,0.473,1.6,4.3,0.374,3.0,5.3,0.553,0.556,4.3,5.0,0.847,1.1,3.4,4.5,1.6,0.7,0.1,1.0,1.3,15.0,barneha02
34,29,RJ Barrett,SG,22,NYK,73,73,33.9,7.0,16.1,0.434,1.7,5.3,0.31,5.3,10.8,0.495,0.485,4.0,5.4,0.74,0.8,4.2,5.0,2.8,0.4,0.2,2.2,2.5,19.6,barrerj01
40,33,Nicolas Batum,PF,34,LAC,78,19,21.9,2.1,4.9,0.42,1.6,4.1,0.391,0.5,0.8,0.563,0.583,0.4,0.6,0.708,0.8,3.0,3.8,1.6,0.7,0.6,0.6,1.9,6.1,batumni01
43,34,Darius Bazley,C,22,PHO,7,0,8.7,1.7,3.6,0.48,0.3,1.1,0.25,1.4,2.4,0.588,0.52,0.3,0.7,0.4,0.7,1.6,2.3,0.9,0.4,0.7,0.7,1.3,4.0,bazleda01
47,36,Malik Beasley,SG,26,LAL,26,14,23.9,4.0,10.3,0.392,2.5,7.2,0.353,1.5,3.1,0.481,0.515,0.5,0.8,0.619,0.3,3.0,3.3,1.2,0.8,0.0,1.2,1.2,11.1,beaslma01
48,37,MarJon Beauchamp,SF,22,MIL,52,11,13.5,1.8,4.7,0.395,0.9,2.7,0.331,0.9,1.9,0.485,0.492,0.5,0.7,0.73,0.7,1.5,2.2,0.7,0.4,0.1,0.9,1.4,5.1,beaucma01
51,39,Patrick Beverley,SG,34,LAL,45,45,26.9,2.2,5.4,0.402,1.2,3.5,0.348,0.9,1.8,0.506,0.517,0.9,1.1,0.78,0.5,2.6,3.1,2.6,0.9,0.6,0.9,2.8,6.4,beverpa01
55,40,Saddiq Bey,SF,23,ATL,25,7,25.2,4.3,9.2,0.47,2.0,5.0,0.4,2.3,4.2,0.552,0.578,1.0,1.2,0.862,1.6,3.2,4.8,1.4,0.8,0.0,0.7,1.5,11.6,beysa01
60,43,Bismack Biyombo,C,30,PHO,61,14,14.3,2.0,3.4,0.578,0.0,0.0,,2.0,3.4,0.578,0.578,0.4,1.1,0.357,1.5,2.8,4.3,0.9,0.3,1.4,0.8,1.9,4.3,biyombi01
62,45,Bogdan Bogdanović,SG,30,ATL,54,9,27.9,5.1,11.3,0.447,2.7,6.7,0.406,2.4,4.6,0.506,0.566,1.2,1.4,0.831,0.4,2.6,3.1,2.8,0.8,0.3,1.2,1.6,14.0,bogdabo01
66,49,Devin Booker,SG,26,PHO,53,53,34.6,9.9,20.1,0.494,2.1,6.0,0.351,7.8,14.2,0.554,0.546,5.8,6.8,0.855,0.9,3.7,4.5,5.5,1.0,0.3,2.7,3.0,27.8,bookede01
67,50,Brandon Boston Jr.,SF,21,LAC,22,1,11.3,2.3,5.5,0.418,0.5,1.3,0.414,1.8,4.2,0.419,0.467,1.3,1.7,0.763,0.3,1.0,1.4,0.9,0.4,0.0,0.5,1.0,6.5,bostobr01
71,53,Jamaree Bouyea,PG,23,MIA,4,0,16.3,1.5,3.3,0.462,0.5,1.3,0.4,1.0,2.0,0.5,0.538,0.3,0.5,0.5,0.3,1.0,1.3,1.0,1.0,0.5,1.0,1.3,3.8,bouyeja01
76,57,Christian Braun,SG,21,DEN,76,6,15.5,1.9,3.8,0.495,0.4,1.3,0.354,1.4,2.5,0.565,0.554,0.5,0.8,0.625,0.6,1.8,2.4,0.8,0.5,0.2,0.5,1.3,4.7,braunch01
81,60,Malcolm Brogdon,PG,30,BOS,67,0,26.0,5.3,10.9,0.484,2.0,4.4,0.444,3.3,6.5,0.51,0.574,2.4,2.7,0.87,0.6,3.6,4.2,3.7,0.7,0.3,1.5,1.6,14.9,brogdma01
82,61,Dillon Brooks,SF,27,MEM,73,73,30.3,5.4,13.6,0.396,2.0,6.0,0.326,3.4,7.6,0.451,0.468,1.6,2.1,0.779,0.6,2.7,3.3,2.6,0.9,0.2,1.4,3.3,14.3,brookdi01
83,62,Bruce Brown,SF,26,DEN,80,31,28.5,4.5,9.3,0.483,1.1,3.2,0.358,3.3,6.1,0.548,0.545,1.5,1.9,0.758,0.8,3.3,4.1,3.4,1.1,0.6,1.5,2.4,11.5,brownbr01
85,64,Jaylen Brown,SF,26,BOS,67,67,35.9,10.1,20.6,0.491,2.4,7.3,0.335,7.7,13.4,0.576,0.55,3.9,5.1,0.765,1.2,5.7,6.9,3.5,1.1,0.4,2.9,2.6,26.6,brownja02
90,67,Sterling Brown,SF,27,LAL,4,0,6.0,0.0,1.0,0.0,0.0,0.5,0.0,0.0,0.5,0.0,0.0,0.0,0.0,,0.8,1.3,2.0,0.5,0.8,0.0,0.0,1.0,0.0,brownst02
91,68,Troy Brown Jr.,SF,23,LAL,76,45,24.5,2.6,6.1,0.43,1.4,3.7,0.381,1.2,2.4,0.505,0.545,0.4,0.5,0.872,0.8,3.2,4.1,1.3,0.8,0.2,0.6,1.6,7.1,browntr01
92,69,Jalen Brunson,PG,26,NYK,68,68,35.0,8.6,17.6,0.491,2.0,4.7,0.416,6.7,12.8,0.519,0.547,4.8,5.8,0.829,0.6,3.0,3.5,6.2,0.9,0.2,2.1,2.2,24.0,brunsja01
98,73,Deonte Burton,PF,29,SAC,2,0,3.0,0.0,1.0,0.0,0.0,0.5,0.0,0.0,0.5,0.0,0.0,0.0,0.0,,0.0,0.0,0.0,0.0,0.0,0.0,0.0,0.0,0.0,burtode02
100,75,Jimmy Butler,PF,33,MIA,64,64,33.4,7.5,13.9,0.539,0.6,1.6,0.35,6.9,12.3,0.564,0.56,7.4,8.7,0.85,2.2,3.7,5.9,5.3,1.8,0.3,1.6,1.3,22.9,butleji01
102,77,Jamal Cain,PF,23,MIA,18,0,13.3,2.1,3.7,0.561,0.4,1.1,0.35,1.7,2.6,0.652,0.614,0.9,1.2,0.773,0.8,2.1,2.9,0.7,0.6,0.1,0.3,1.2,5.4,cainja01
103,78,Kentavious Caldwell-Pope,SG,29,DEN,76,76,31.3,3.8,8.3,0.462,1.8,4.2,0.423,2.1,4.1,0.502,0.569,1.4,1.6,0.824,0.5,2.3,2.7,2.4,1.5,0.5,1.1,1.9,10.8,caldwke01
105,80,Vlatko Čančar,PF,25,DEN,60,9,14.8,1.8,3.8,0.476,0.7,1.9,0.374,1.1,1.9,0.58,0.57,0.6,0.7,0.927,0.4,1.7,2.1,1.3,0.4,0.2,0.6,1.4,5.0,cancavl01
106,81,Clint Capela,C,28,ATL,65,63,26.6,5.4,8.2,0.653,0.0,0.0,0.0,5.4,8.2,0.654,0.653,1.2,2.0,0.603,4.0,7.1,11.0,0.9,0.7,1.2,0.8,2.1,12.0,capelca01
108,83,Jevon Carter,PG,27,MIL,81,39,22.3,3.0,7.0,0.423,1.8,4.2,0.421,1.2,2.8,0.425,0.549,0.4,0.5,0.816,0.4,2.1,2.5,2.4,0.8,0.4,1.0,2.0,8.0,carteje01
113,87,Julian Champagnie,SF,21,PHI,2,0,3.5,0.0,1.0,0.0,0.0,0.5,0.0,0.0,0.5,0.0,0.0,0.0,0.0,,0.0,0.0,0.0,0.0,0.5,0.0,0.0,0.0,0.0,champju02
117,88,Justin Champagnie,SF,21,BOS,2,0,11.5,1.0,6.0,0.167,0.5,2.5,0.2,0.5,3.5,0.143,0.208,0.0,0.0,,1.0,1.0,2.0,1.5,0.5,0.0,0.0,0.5,2.5,champju01
118,89,Kennedy Chandler,PG,20,MEM,36,0,7.8,1.0,2.3,0.422,0.1,0.4,0.133,0.9,1.9,0.485,0.434,0.2,0.4,0.462,0.3,0.8,1.1,1.6,0.3,0.1,0.5,0.4,2.2,chandke01
119,90,Max Christie,SG,19,LAL,41,3,12.5,1.1,2.6,0.415,0.6,1.5,0.419,0.4,1.1,0.409,0.538,0.3,0.4,0.875,0.2,1.7,1.8,0.5,0.2,0.2,0.3,0.8,3.1,chrisma02
121,92,Brandon Clarke,PF,26,MEM,56,8,19.5,4.1,6.2,0.656,0.0,0.1,0.167,4.1,6.1,0.665,0.658,1.8,2.4,0.723,1.6,3.9,5.5,1.3,0.6,0.7,1.0,2.3,10.0,clarkbr01
123,94,Nic Claxton,C,23,BRK,76,76,29.9,5.4,7.7,0.705,0.0,0.0,0.0,5.4,7.7,0.708,0.705,1.8,3.2,0.541,2.4,6.8,9.2,1.9,0.9,2.5,1.3,2.8,12.6,claxtni01
124,95,Amir Coffey,SF,25,LAC,50,9,12.5,1.1,2.9,0.386,0.2,0.8,0.275,0.9,2.1,0.429,0.424,1.0,1.3,0.778,0.3,0.7,1.1,1.1,0.1,0.1,0.4,1.0,3.4,coffeam01
125,96,John Collins,PF,25,ATL,71,71,30.0,5.1,10.0,0.508,1.0,3.4,0.292,4.1,6.6,0.619,0.557,2.0,2.5,0.803,1.1,5.4,6.5,1.2,0.6,1.0,1.1,3.1,13.1,collijo01
130,99,Mike Conley,PG,35,MIN,24,24,31.4,4.5,9.8,0.46,2.4,5.8,0.42,2.1,4.0,0.515,0.583,2.6,3.0,0.863,0.7,2.5,3.1,5.0,1.2,0.2,1.2,1.9,14.0,conlemi01
131,100,Pat Connaughton,SF,30,MIL,61,33,23.7,2.7,6.9,0.392,1.8,5.3,0.339,0.9,1.6,0.566,0.521,0.4,0.7,0.659,0.8,3.8,4.6,1.3,0.6,0.2,0.5,1.1,7.6,connapa01
133,102,Robert Covington,PF,32,LAC,48,0,16.2,2.1,4.8,0.445,1.1,2.8,0.397,1.0,1.9,0.516,0.563,0.6,0.8,0.75,0.6,2.8,3.5,1.2,0.8,0.7,0.7,1.8,6.0,covinro01
134,103,Torrey Craig,PF,32,PHO,79,60,24.7,2.9,6.3,0.456,1.3,3.2,0.395,1.6,3.1,0.518,0.556,0.4,0.6,0.711,1.8,3.6,5.4,1.5,0.6,0.8,0.9,2.3,7.4,craigto01
135,104,Jae Crowder,PF,32,MIL,18,3,18.9,2.5,5.2,0.479,1.3,3.1,0.436,1.2,2.2,0.538,0.606,0.6,0.7,0.833,0.9,2.9,3.8,1.5,0.7,0.3,0.4,1.5,6.9,crowdja01
136,105,Jarrett Culver,SF,23,ATL,10,1,13.7,1.7,4.3,0.395,0.1,1.2,0.083,1.6,3.1,0.516,0.407,0.9,1.3,0.692,1.0,2.8,3.8,0.6,0.6,0.2,0.7,1.4,4.4,culveja01
138,107,Seth Curry,SG,32,BRK,61,7,19.9,3.4,7.4,0.463,1.5,3.8,0.405,1.9,3.6,0.525,0.568,0.8,0.9,0.927,0.2,1.4,1.6,1.6,0.6,0.1,0.8,1.6,9.2,curryse01
139,108,Stephen Curry,PG,34,GSW,56,56,34.7,10.0,20.2,0.493,4.9,11.4,0.427,5.1,8.8,0.579,0.614,4.6,5.0,0.915,0.7,5.4,6.1,6.3,0.9,0.4,3.2,2.1,29.4,curryst01
141,110,Anthony Davis,C,29,LAL,56,54,34.0,9.7,17.2,0.563,0.3,1.3,0.257,9.3,15.9,0.589,0.573,6.2,7.9,0.784,3.5,9.1,12.5,2.6,1.1,2.0,2.2,2.6,25.9,davisan02
143,112,Terence Davis,SG,25,SAC,64,5,13.1,2.4,5.7,0.423,1.4,3.8,0.366,1.0,1.9,0.537,0.545,0.5,0.7,0.791,0.3,1.9,2.2,1.0,0.7,0.2,0.8,1.6,6.7,daviste02
144,113,JD Davison,SG,20,BOS,12,0,5.5,0.7,1.6,0.421,0.2,0.6,0.286,0.5,1.0,0.5,0.474,0.1,0.2,0.5,0.2,0.6,0.8,0.9,0.2,0.2,0.3,0.4,1.6,davisjd01
149,116,Matthew Dellavedova,PG,32,SAC,32,0,6.7,0.5,1.6,0.34,0.3,0.8,0.333,0.3,0.7,0.348,0.43,0.1,0.2,0.571,0.0,0.4,0.4,1.3,0.2,0.0,0.3,0.6,1.5,dellama01
151,118,Moussa Diabaté,C,21,LAC,22,1,8.9,1.1,2.1,0.511,0.0,0.1,0.5,1.0,2.0,0.511,0.521,0.5,0.7,0.625,1.4,0.9,2.3,0.2,0.3,0.4,0.4,0.7,2.7,diabamo01
152,119,Mamadi Diakite,C,26,CLE,22,2,8.0,1.1,2.3,0.48,0.3,1.0,0.333,0.8,1.3,0.586,0.55,0.1,0.1,1.0,0.4,1.0,1.4,0.4,0.2,0.4,0.5,1.2,2.6,diakima01
158,123,Spencer Dinwiddie,PG,29,BRK,26,26,35.3,5.5,13.7,0.404,1.7,5.7,0.289,3.9,8.0,0.488,0.465,3.8,4.7,0.797,0.3,3.8,4.1,9.1,1.1,0.3,2.1,2.4,16.5,dinwisp01
159,124,Donte DiVincenzo,SG,26,GSW,72,36,26.3,3.3,7.5,0.435,2.1,5.3,0.397,1.2,2.3,0.525,0.574,0.8,1.0,0.817,1.1,3.4,4.5,3.5,1.3,0.1,1.6,1.8,9.4,divindo01
166,131,PJ Dozier,SF,26,SAC,16,0,4.9,0.6,2.1,0.303,0.1,1.0,0.125,0.5,1.1,0.471,0.333,0.0,0.0,,0.1,0.8,0.9,0.6,0.4,0.1,0.3,0.4,1.4,doziepj01
169,132,Goran Dragić,PG,36,MIL,7,0,11.9,2.0,5.1,0.389,1.0,2.4,0.412,1.0,2.7,0.368,0.486,0.6,0.6,1.0,0.4,1.3,1.7,1.7,0.3,0.0,1.0,0.3,5.6,dragigo01
172,135,David Duke Jr.,SG,23,BRK,23,0,9.9,1.6,3.4,0.462,0.0,0.5,0.083,1.5,2.9,0.53,0.468,0.5,0.7,0.706,0.5,0.8,1.3,0.9,0.4,0.0,0.8,1.3,3.7,dukeda01
179,140,Anthony Edwards,SG,21,MIN,79,79,36.0,8.9,19.5,0.459,2.7,7.3,0.369,6.3,12.2,0.513,0.528,4.0,5.3,0.756,0.6,5.2,5.8,4.4,1.6,0.7,3.3,2.4,24.6,edwaran01
183,142,Keon Ellis,SG,23,SAC,16,0,4.4,0.4,1.0,0.438,0.4,0.8,0.5,0.1,0.3,0.25,0.625,0.3,0.4,0.571,0.3,0.3,0.5,0.4,0.3,0.1,0.1,0.6,1.5,elliske01
184,143,Joel Embiid,C,28,PHI,66,66,34.6,11.0,20.1,0.548,1.0,3.0,0.33,10.0,17.1,0.587,0.573,10.0,11.7,0.857,1.7,8.4,10.2,4.2,1.0,1.7,3.4,3.1,33.1,embiijo01
188,145,Bruno Fernando,C,24,ATL,8,0,5.1,1.4,2.4,0.579,0.0,0.4,0.0,1.4,2.0,0.688,0.579,0.6,0.8,0.833,0.8,1.1,1.9,0.1,0.0,0.4,0.6,0.8,3.4,fernabr01
191,146,Dorian Finney-Smith,PF,29,BRK,26,26,27.7,2.6,7.3,0.351,1.4,4.7,0.306,1.2,2.7,0.429,0.448,0.6,0.7,0.789,1.8,3.1,4.9,1.6,0.7,0.6,1.0,2.5,7.2,finnedo01
194,149,Bryn Forbes,SG,29,MIN,25,0,10.7,1.2,3.3,0.361,0.6,1.8,0.304,0.6,1.5,0.432,0.446,0.6,0.6,1.0,0.2,0.4,0.6,0.7,0.3,0.1,0.5,0.9,3.6,forbebr01
195,150,Trent Forrest,SG,24,ATL,23,3,12.0,1.1,2.6,0.417,0.0,0.1,0.0,1.1,2.5,0.431,0.417,0.1,0.1,0.667,0.2,1.4,1.6,1.7,0.3,0.1,0.7,0.7,2.3,forretr01
196,151,Michael Foster Jr.,PF,20,PHI,1,0,1.0,0.0,0.0,,0.0,0.0,,0.0,0.0,,,0.0,0.0,,0.0,0.0,0.0,0.0,0.0,0.0,0.0,0.0,0.0,fostemi02
197,152,Evan Fournier,SG,30,NYK,27,7,17.0,2.1,6.1,0.337,1.3,4.2,0.307,0.8,1.9,0.404,0.443,0.7,0.8,0.857,0.1,1.7,1.8,1.3,0.6,0.1,0.8,1.7,6.1,fournev01
198,153,De'Aaron Fox,PG,25,SAC,73,73,33.4,9.3,18.2,0.512,1.6,5.0,0.324,7.7,13.2,0.584,0.557,4.7,6.0,0.78,0.5,3.6,4.2,6.1,1.1,0.3,2.5,2.4,25.0,foxde01
200,155,Wenyen Gabriel,C,25,LAL,68,2,15.1,2.3,3.8,0.596,0.1,0.5,0.278,2.1,3.3,0.647,0.615,0.8,1.2,0.619,1.7,2.5,4.2,0.5,0.4,0.5,0.7,2.1,5.5,gabriwe01
202,157,Darius Garland,PG,23,CLE,69,69,35.5,7.6,16.4,0.462,2.4,6.0,0.41,5.1,10.4,0.492,0.537,4.0,4.7,0.863,0.4,2.3,2.7,7.8,1.2,0.1,2.9,2.1,21.6,garlada01
204,159,Luka Garza,C,24,MIN,28,0,8.7,2.3,4.1,0.543,0.5,1.4,0.359,1.8,2.8,0.636,0.603,1.5,1.9,0.788,1.2,1.1,2.3,0.6,0.1,0.1,0.5,1.5,6.5,garzalu01
206,161,Paul George,SF,32,LAC,56,56,34.6,8.2,17.9,0.457,2.8,7.6,0.371,5.4,10.3,0.521,0.536,4.6,5.3,0.871,0.8,5.3,6.1,5.1,1.5,0.4,3.1,2.8,23.8,georgpa01
211,166,Jacob Gilyard,PG,24,MEM,1,0,41.0,1.0,3.0,0.333,1.0,3.0,0.333,0.0,0.0,,0.5,0.0,0.0,,0.0,4.0,4.0,7.0,3.0,0.0,2.0,3.0,3.0,gilyaja01
212,167,Rudy Gobert,C,30,MIN,70,70,30.7,5.1,7.8,0.659,0.0,0.0,0.0,5.1,7.8,0.663,0.659,3.1,4.9,0.644,3.3,8.3,11.6,1.2,0.8,1.4,1.7,3.0,13.4,goberru01
214,169,Aaron Gordon,PF,27,DEN,68,68,30.2,6.3,11.2,0.564,0.9,2.5,0.347,5.4,8.6,0.628,0.603,2.8,4.6,0.608,2.4,4.1,6.6,3.0,0.8,0.8,1.4,1.9,16.3,gordoaa01
217,170,Eric Gordon,SG,34,LAC,22,11,24.9,3.7,8.0,0.463,2.1,5.0,0.423,1.5,2.9,0.531,0.597,1.5,1.7,0.842,0.2,1.5,1.7,2.1,0.6,0.4,1.0,1.5,11.0,gordoer01
222,173,RaiQuan Gray,PF,23,BRK,1,0,35.0,6.0,12.0,0.5,2.0,5.0,0.4,4.0,7.0,0.571,0.583,2.0,2.0,1.0,3.0,6.0,9.0,7.0,0.0,1.0,4.0,5.0,16.0,grayra01
223,174,A.J. Green,SG,23,MIL,35,1,9.9,1.5,3.6,0.424,1.3,3.0,0.419,0.3,0.6,0.45,0.6,0.1,0.1,1.0,0.2,1.1,1.3,0.6,0.2,0.0,0.3,0.9,4.4,greenaj01
227,176,Draymond Green,PF,32,GSW,73,73,31.5,3.4,6.5,0.527,0.5,1.8,0.305,2.9,4.7,0.612,0.57,1.1,1.5,0.713,0.9,6.3,7.2,6.8,1.0,0.8,2.8,3.1,8.5,greendr01
229,178,JaMychal Green,PF,32,GSW,57,1,14.0,2.4,4.4,0.54,0.7,1.9,0.378,1.6,2.5,0.667,0.623,0.9,1.2,0.776,1.3,2.3,3.6,0.9,0.4,0.4,0.9,1.8,6.4,greenja01
231,180,Jeff Green,PF,36,DEN,56,4,19.5,2.9,5.9,0.488,0.5,1.9,0.288,2.3,4.0,0.58,0.534,1.6,2.1,0.744,0.7,1.9,2.6,1.2,0.3,0.3,0.8,1.8,7.8,greenje02
233,182,AJ Griffin,SF,19,ATL,72,12,19.5,3.4,7.4,0.465,1.4,3.6,0.39,2.0,3.8,0.536,0.56,0.6,0.7,0.894,0.5,1.6,2.1,1.0,0.6,0.2,0.6,1.2,8.9,griffaj01
234,183,Blake Griffin,C,33,BOS,41,16,13.9,1.5,3.2,0.485,0.6,1.6,0.348,1.0,1.6,0.625,0.573,0.5,0.8,0.656,1.1,2.6,3.8,1.5,0.3,0.2,0.5,1.8,4.1,griffbl01
235,184,Quentin Grimes,SG,22,NYK,71,66,29.9,4.0,8.5,0.468,2.2,5.7,0.386,1.8,2.7,0.641,0.599,1.1,1.4,0.796,0.7,2.5,3.2,2.1,0.7,0.4,1.0,2.5,11.3,grimequ01
238,185,Rui Hachimura,PF,24,LAL,33,9,22.4,3.8,7.9,0.485,0.6,2.2,0.296,3.2,5.7,0.556,0.525,1.3,1.8,0.721,1.0,3.7,4.7,0.7,0.2,0.4,0.5,1.0,9.6,hachiru01
245,190,James Harden,PG,33,PHI,58,58,36.8,6.4,14.5,0.441,2.8,7.2,0.385,3.6,7.3,0.495,0.536,5.4,6.2,0.867,0.7,5.4,6.1,10.7,1.2,0.5,3.4,1.9,21.0,hardeja01
248,193,Montrezl Harrell,C,29,PHI,57,7,11.9,2.2,3.7,0.598,0.0,0.1,0.0,2.2,3.6,0.616,0.598,1.2,1.8,0.693,1.2,1.6,2.8,0.6,0.3,0.4,0.6,1.3,5.6,harremo01
250,195,Joe Harris,SF,31,BRK,74,33,20.6,2.7,5.9,0.457,1.9,4.5,0.426,0.8,1.4,0.551,0.618,0.2,0.4,0.643,0.3,1.9,2.2,1.4,0.5,0.2,0.6,1.9,7.6,harrijo01
252,197,Tobias Harris,SF,30,PHI,74,74,32.9,5.7,11.4,0.501,1.7,4.4,0.389,4.0,7.0,0.57,0.575,1.5,1.7,0.876,0.9,4.8,5.7,2.5,0.9,0.5,1.2,2.0,14.7,harrito02
256,199,Josh Hart,SF,27,NYK,25,1,30.0,3.7,6.3,0.586,1.1,2.1,0.519,2.6,4.2,0.619,0.672,1.8,2.3,0.789,1.9,5.2,7.0,3.6,1.4,0.5,1.5,2.5,10.2,hartjo01
257,200,Isaiah Hartenstein,C,24,NYK,82,8,19.8,2.1,4.0,0.535,0.1,0.5,0.216,2.0,3.5,0.576,0.547,0.6,0.9,0.676,2.5,4.0,6.5,1.2,0.6,0.8,0.8,2.6,5.0,harteis01
258,201,Udonis Haslem,C,42,MIA,7,1,10.1,1.4,4.1,0.345,0.4,1.3,0.333,1.0,2.9,0.35,0.397,0.6,0.7,0.8,0.6,1.0,1.6,0.0,0.1,0.3,0.1,1.6,3.9,hasleud01
259,202,Sam Hauser,SF,25,BOS,80,8,16.1,2.3,5.0,0.455,1.8,4.2,0.418,0.5,0.8,0.656,0.631,0.2,0.2,0.706,0.4,2.1,2.6,0.9,0.4,0.3,0.4,1.2,6.4,hausesa01
265,208,Tyler Herro,SG,23,MIA,67,67,34.9,7.3,16.6,0.439,3.0,8.0,0.378,4.2,8.5,0.497,0.531,2.5,2.7,0.934,0.4,5.0,5.4,4.2,0.8,0.2,2.4,1.5,20.1,herroty01
267,210,Haywood Highsmith,PF,26,MIA,54,11,17.9,1.7,4.0,0.431,0.7,2.0,0.339,1.0,2.0,0.523,0.516,0.2,0.5,0.464,1.1,2.4,3.5,0.8,0.7,0.3,0.8,1.5,4.4,highsha01
269,211,George Hill,PG,36,MIL,35,0,19.1,1.7,3.8,0.447,0.7,2.1,0.311,1.0,1.7,0.621,0.534,1.0,1.3,0.739,0.4,1.5,1.9,2.5,0.5,0.1,0.8,1.2,5.0,hillge01
272,213,Aaron Holiday,PG,26,ATL,63,6,13.4,1.5,3.5,0.418,0.6,1.4,0.409,0.9,2.1,0.424,0.5,0.4,0.5,0.844,0.4,0.8,1.2,1.4,0.6,0.2,0.6,1.3,3.9,holidaa01
273,214,Jrue Holiday,PG,32,MIL,67,65,32.6,7.3,15.3,0.479,2.4,6.1,0.384,5.0,9.1,0.542,0.556,2.3,2.6,0.859,1.2,3.9,5.1,7.4,1.2,0.4,2.9,1.7,19.3,holidjr01
275,215,Justin Holiday,SF,33,ATL,28,0,14.7,1.7,4.5,0.384,1.1,3.1,0.345,0.6,1.4,0.474,0.504,0.0,0.0,,0.1,0.8,0.8,0.9,0.2,0.4,0.4,1.3,4.5,holidju01
277,216,Richaun Holmes,C,29,SAC,42,1,8.3,1.3,2.1,0.618,0.1,0.2,0.625,1.2,1.9,0.617,0.646,0.4,0.5,0.789,0.7,1.2,1.9,0.2,0.1,0.3,0.3,1.2,3.1,holmeri01
278,217,Al Horford,C,36,BOS,63,63,30.5,3.6,7.6,0.476,2.3,5.2,0.446,1.3,2.4,0.539,0.627,0.2,0.3,0.714,1.2,5.0,6.2,3.0,0.5,1.0,0.6,1.9,9.8,horfoal01
280,219,Danuel House Jr.,SF,29,PHI,56,5,14.4,1.7,3.5,0.472,0.7,2.0,0.336,1.0,1.6,0.644,0.566,0.8,1.1,0.75,0.2,1.5,1.7,0.8,0.3,0.2,0.5,1.2,4.8,houseda01
283,222,Kevin Huerter,SG,24,SAC,75,75,29.4,5.6,11.5,0.485,2.7,6.8,0.402,2.9,4.7,0.604,0.603,1.3,1.7,0.725,0.6,2.8,3.3,2.9,1.1,0.3,1.3,2.4,15.2,huertke01
285,224,De'Andre Hunter,SF,25,ATL,67,67,31.7,5.7,12.3,0.461,1.5,4.3,0.35,4.2,8.0,0.521,0.522,2.6,3.1,0.826,0.7,3.6,4.2,1.4,0.5,0.3,1.2,3.0,15.4,huntede01
289,226,Serge Ibaka,C,33,MIL,16,0,11.6,1.6,3.4,0.481,0.4,1.1,0.333,1.3,2.3,0.556,0.537,0.5,0.8,0.615,0.9,1.8,2.8,0.3,0.1,0.4,0.7,1.4,4.1,ibakase01
290,227,Andre Iguodala,PF,39,GSW,8,0,14.1,0.9,1.9,0.467,0.1,1.1,0.111,0.8,0.8,1.0,0.5,0.3,0.4,0.667,0.4,1.8,2.1,2.4,0.5,0.4,1.1,1.4,2.1,iguodan01
291,228,Joe Ingles,SF,35,MIL,46,0,22.7,2.3,5.4,0.435,1.8,4.4,0.409,0.5,1.0,0.556,0.603,0.4,0.5,0.857,0.3,2.5,2.8,3.3,0.7,0.1,1.2,1.6,6.9,inglejo01
294,230,Kyrie Irving,PG,30,BRK,40,40,37.0,10.0,20.5,0.486,3.3,8.7,0.374,6.7,11.8,0.569,0.565,4.0,4.5,0.883,1.0,4.2,5.1,5.3,1.0,0.8,2.3,2.7,27.1,irvinky01
300,235,Jaren Jackson Jr.,C,23,MEM,63,63,28.4,6.6,13.0,0.506,1.6,4.5,0.355,5.0,8.6,0.585,0.567,3.8,4.9,0.788,1.7,5.0,6.8,1.0,1.0,3.0,1.7,3.6,18.6,jacksja02
301,236,Justin Jackson,SF,27,BOS,23,0,4.7,0.3,1.2,0.259,0.2,0.9,0.25,0.1,0.3,0.286,0.352,0.0,0.1,0.5,0.1,0.7,0.7,0.4,0.2,0.2,0.1,0.3,0.9,jacksju01
306,239,LeBron James,PF,38,LAL,55,54,35.5,11.1,22.2,0.5,2.2,6.9,0.321,8.9,15.3,0.58,0.549,4.6,5.9,0.768,1.2,7.1,8.3,6.8,0.9,0.6,3.2,1.6,28.9,jamesle01
307,240,Ty Jerome,SG,25,GSW,45,2,18.1,2.6,5.4,0.488,0.8,2.0,0.389,1.8,3.4,0.546,0.56,0.8,0.9,0.927,0.2,1.6,1.7,3.0,0.5,0.1,0.7,1.4,6.9,jeromty01
313,244,Jalen Johnson,SF,21,ATL,70,6,14.9,2.3,4.6,0.491,0.4,1.5,0.288,1.8,3.1,0.587,0.537,0.7,1.1,0.628,0.7,3.3,4.0,1.2,0.5,0.5,0.6,1.6,5.6,johnsja05
318,249,Nikola Jokić,C,27,DEN,69,69,33.7,9.4,14.8,0.632,0.8,2.2,0.383,8.5,12.7,0.675,0.66,4.9,6.0,0.822,2.4,9.4,11.8,9.8,1.3,0.7,3.6,2.5,24.5,jokicni01
321,251,Damian Jones,C,27,LAL,22,1,8.0,0.9,1.7,0.541,0.0,0.1,0.0,0.9,1.5,0.588,0.541,0.7,0.9,0.75,0.8,1.7,2.5,0.2,0.1,0.5,0.4,0.8,2.5,jonesda03
327,256,Tyus Jones,PG,26,MEM,80,22,24.3,3.9,8.9,0.438,1.5,4.1,0.371,2.4,4.8,0.495,0.523,1.0,1.3,0.8,0.4,2.2,2.5,5.2,1.0,0.1,0.9,0.4,10.3,jonesty01
328,257,DeAndre Jordan,C,34,DEN,39,8,15.0,2.3,2.9,0.765,0.0,0.0,1.0,2.2,2.9,0.763,0.77,0.6,1.2,0.458,1.3,3.8,5.2,0.9,0.3,0.6,1.2,1.8,5.1,jordade01
330,259,Nikola Jović,PF,19,MIA,15,8,13.6,1.9,4.6,0.406,0.5,2.3,0.229,1.3,2.3,0.588,0.464,1.2,1.3,0.947,0.6,1.5,2.1,0.7,0.5,0.1,0.7,1.3,5.5,jovicni01
332,261,Mfiondu Kabengele,PF,25,BOS,4,0,9.0,0.5,1.8,0.286,0.0,0.8,0.0,0.5,1.0,0.5,0.286,0.5,0.5,1.0,1.3,1.3,2.5,0.0,0.5,0.0,0.3,0.8,1.5,kabenmf01
334,262,Frank Kaminsky,C,29,ATL,26,0,6.8,1.0,1.7,0.568,0.4,0.9,0.478,0.5,0.8,0.667,0.693,0.4,0.5,0.833,0.1,1.3,1.4,0.8,0.2,0.0,0.3,0.8,2.7,kaminfr01
336,263,Trevor Keels,SG,19,NYK,3,0,2.7,0.3,1.3,0.25,0.3,1.3,0.25,0.0,0.0,,0.375,0.0,0.0,,0.0,0.7,0.7,0.0,0.0,0.0,0.0,0.0,1.0,keelstr01
342,267,Louis King,PF,23,PHI,1,0,29.0,8.0,13.0,0.615,4.0,8.0,0.5,4.0,5.0,0.8,0.769,0.0,1.0,0.0,2.0,2.0,4.0,2.0,1.0,0.0,2.0,4.0,20.0,kinglo02
345,270,Nathan Knight,C,25,MIN,38,0,7.7,1.2,2.1,0.568,0.2,0.6,0.364,1.0,1.6,0.644,0.617,1.0,1.5,0.684,0.6,0.9,1.5,0.3,0.3,0.2,0.6,1.1,3.7,knighna01
350,273,John Konchar,SF,26,MEM,72,23,20.8,1.9,4.4,0.431,0.8,2.5,0.339,1.1,2.0,0.545,0.525,0.4,0.5,0.778,0.9,3.4,4.3,1.4,1.1,0.3,0.5,1.6,5.1,konchjo01
351,274,Furkan Korkmaz,SG,25,PHI,37,0,9.5,1.3,3.0,0.432,0.5,1.2,0.391,0.8,1.8,0.462,0.514,0.7,1.0,0.722,0.2,1.0,1.1,0.6,0.3,0.1,0.6,0.5,3.8,korkmfu01
352,275,Luke Kornet,C,27,BOS,69,0,11.7,1.6,2.5,0.665,0.0,0.2,0.231,1.6,2.3,0.701,0.674,0.5,0.6,0.821,1.2,1.6,2.9,0.8,0.2,0.7,0.4,1.2,3.8,kornelu01
353,276,Vit Krejci,PG,22,ATL,29,0,5.7,0.5,1.3,0.405,0.2,0.7,0.238,0.3,0.6,0.625,0.473,0.0,0.1,0.5,0.2,0.7,0.9,0.6,0.2,0.0,0.2,0.6,1.2,krejcvi01
354,277,Jonathan Kuminga,PF,20,GSW,67,16,20.8,3.9,7.4,0.525,0.8,2.2,0.37,3.1,5.2,0.59,0.579,1.3,2.1,0.652,1.0,2.4,3.4,1.9,0.6,0.5,1.4,2.3,9.9,kuminjo01
356,279,Anthony Lamb,SF,25,GSW,62,4,19.3,2.4,5.1,0.471,1.2,3.2,0.367,1.2,1.9,0.652,0.588,0.7,1.0,0.767,0.9,2.6,3.5,1.5,0.5,0.3,0.9,2.2,6.7,lamban01
357,280,Jock Landale,C,27,PHO,69,4,14.2,2.6,4.9,0.528,0.3,1.2,0.25,2.3,3.7,0.621,0.559,1.1,1.5,0.752,1.7,2.3,4.1,1.0,0.2,0.4,0.9,1.8,6.6,landajo01
359,282,Jake LaRavia,PF,21,MEM,35,0,11.8,1.1,2.7,0.389,0.7,2.0,0.338,0.4,0.7,0.542,0.516,0.2,0.3,0.778,0.5,1.3,1.8,0.6,0.3,0.1,0.5,1.4,3.0,laravja01
362,284,A.J. Lawson,SG,22,MIN,1,0,2.0,1.0,1.0,1.0,0.0,0.0,,1.0,1.0,1.0,1.0,0.0,0.0,,0.0,1.0,1.0,0.0,0.0,0.0,0.0,1.0,2.0,lawsoaj01
364,285,Damion Lee,SG,30,PHO,74,5,20.4,2.7,6.1,0.442,1.5,3.3,0.445,1.2,2.8,0.439,0.564,1.3,1.4,0.904,0.5,2.5,3.0,1.3,0.4,0.1,1.1,1.6,8.2,leeda03
368,287,Alex Len,C,29,SAC,26,2,6.2,0.6,1.2,0.533,0.0,0.1,0.0,0.6,1.1,0.571,0.533,0.4,0.6,0.688,0.9,1.4,2.3,0.5,0.2,0.4,0.6,1.1,1.7,lenal01
369,288,Kawhi Leonard,SF,31,LAC,52,50,33.6,8.6,16.8,0.512,2.0,4.8,0.416,6.6,11.9,0.551,0.572,4.7,5.4,0.871,1.1,5.4,6.5,3.9,1.4,0.5,1.7,1.6,23.8,leonaka01
370,289,Meyers Leonard,C,30,MIL,9,2,12.7,1.6,3.2,0.483,0.8,2.0,0.389,0.8,1.2,0.636,0.603,0.9,1.0,0.889,1.3,2.4,3.8,0.1,0.2,0.0,0.7,1.8,4.8,leoname01
371,290,Caris LeVert,SG,28,CLE,74,30,30.2,4.3,10.0,0.431,1.7,4.4,0.392,2.6,5.6,0.462,0.517,1.8,2.4,0.722,0.7,3.1,3.8,3.9,1.0,0.3,1.6,2.3,12.1,leverca01
376,295,Kenneth Lofton Jr.,PF,20,MEM,24,1,7.3,2.0,3.9,0.527,0.3,0.7,0.353,1.8,3.2,0.566,0.559,0.7,1.1,0.593,0.8,1.3,2.1,0.8,0.2,0.1,0.5,1.2,5.0,loftoke01
377,296,Kevon Looney,C,26,GSW,82,70,23.9,3.0,4.7,0.63,0.0,0.0,0.0,3.0,4.7,0.632,0.63,1.1,1.9,0.606,3.3,5.9,9.3,2.5,0.6,0.6,0.5,2.7,7.0,looneke01
378,297,Brook Lopez,C,34,MIL,78,78,30.4,6.1,11.5,0.531,1.7,4.7,0.374,4.4,6.9,0.637,0.606,1.9,2.4,0.784,2.0,4.7,6.7,1.3,0.5,2.5,1.4,2.6,15.9,lopezbr01
379,298,Robin Lopez,C,34,CLE,37,2,8.1,1.3,2.0,0.64,0.1,0.1,0.5,1.2,1.9,0.648,0.653,0.4,0.5,0.778,0.6,0.8,1.4,0.5,0.1,0.2,0.7,1.2,3.0,lopezro01
383,300,Kyle Lowry,PG,36,MIA,55,44,31.2,3.6,8.8,0.404,1.9,5.6,0.345,1.6,3.2,0.509,0.514,2.1,2.5,0.859,0.8,3.3,4.1,5.1,1.0,0.4,1.9,2.6,11.2,lowryky01
384,301,Trey Lyles,PF,27,SAC,74,0,16.9,2.5,5.5,0.458,1.2,3.2,0.363,1.4,2.3,0.595,0.565,1.4,1.7,0.815,0.9,3.1,4.1,0.9,0.4,0.4,0.9,1.3,7.6,lylestr01
387,303,Sandro Mamukelashvili,C,23,MIL,24,0,9.0,0.8,2.4,0.328,0.3,1.3,0.219,0.5,1.1,0.462,0.388,0.5,0.8,0.667,0.8,1.6,2.3,0.7,0.2,0.2,0.4,0.8,2.4,mamuksa01
389,304,Terance Mann,SG,26,LAC,81,36,23.1,3.4,6.5,0.519,1.0,2.4,0.389,2.4,4.0,0.598,0.593,1.1,1.5,0.78,1.0,2.5,3.4,2.3,0.5,0.3,1.0,1.8,8.8,mannte01
394,309,Caleb Martin,SF,27,MIA,71,49,29.3,3.6,7.7,0.464,1.2,3.3,0.356,2.4,4.4,0.545,0.54,1.3,1.6,0.805,1.2,3.6,4.8,1.6,1.0,0.4,1.1,2.0,9.6,martica02
397,312,Tyrese Martin,SG,23,ATL,16,0,4.1,0.6,1.4,0.391,0.1,0.4,0.143,0.5,1.0,0.5,0.413,0.1,0.1,1.0,0.3,0.4,0.8,0.1,0.1,0.0,0.1,0.1,1.3,martity01
400,313,Garrison Mathews,SG,26,ATL,9,0,9.3,1.4,3.4,0.419,1.1,2.8,0.4,0.3,0.7,0.5,0.581,0.8,0.9,0.875,0.1,1.1,1.2,0.3,0.1,0.1,0.1,0.7,4.8,mathega01
402,315,Wesley Matthews,SF,36,MIL,52,0,15.8,1.1,3.1,0.363,0.8,2.4,0.315,0.4,0.7,0.528,0.484,0.5,0.5,0.857,0.7,1.5,2.2,0.7,0.4,0.3,0.3,1.4,3.4,matthwe02
403,316,Tyrese Maxey,SG,22,PHI,60,41,33.6,7.3,15.2,0.481,2.7,6.2,0.434,4.7,9.1,0.513,0.568,3.0,3.6,0.845,0.4,2.6,2.9,3.5,0.8,0.1,1.3,2.2,20.3,maxeyty01
405,318,Miles McBride,PG,22,NYK,64,2,11.9,1.2,3.4,0.358,0.6,2.1,0.299,0.6,1.3,0.457,0.451,0.4,0.7,0.667,0.2,0.6,0.8,1.1,0.6,0.1,0.4,0.9,3.5,mcbrimi01
406,319,Mac McClung,SG,24,PHI,2,0,20.5,4.5,10.0,0.45,2.0,5.5,0.364,2.5,4.5,0.556,0.55,1.5,2.5,0.6,1.5,3.5,5.0,4.5,0.0,0.0,1.5,1.5,12.5,mccluma01
409,322,Jaden McDaniels,SF,22,MIN,79,79,30.6,4.7,9.1,0.517,1.4,3.4,0.398,3.3,5.7,0.588,0.591,1.3,1.8,0.736,1.2,2.7,3.9,1.9,0.9,1.0,1.4,3.4,12.1,mcdanja02
412,323,Jalen McDaniels,SF,25,PHI,24,3,17.5,2.5,5.1,0.488,0.5,1.3,0.4,2.0,3.9,0.516,0.537,1.2,1.4,0.824,0.8,2.4,3.2,0.8,0.7,0.2,0.5,2.1,6.7,mcdanja01
417,328,Jordan McLaughlin,PG,26,MIN,43,0,15.8,1.4,3.4,0.421,0.6,1.8,0.308,0.9,1.6,0.552,0.503,0.3,0.4,0.833,0.3,1.1,1.4,3.4,0.7,0.1,0.8,0.7,3.7,mclaujo01
418,329,De'Anthony Melton,SG,24,PHI,77,58,27.9,3.6,8.5,0.425,2.0,5.2,0.39,1.6,3.2,0.484,0.546,0.9,1.1,0.793,0.9,3.2,4.1,2.6,1.6,0.5,1.3,2.5,10.1,meltode01
419,330,Sam Merrill,SG,26,CLE,5,0,11.8,1.8,4.4,0.409,1.0,3.6,0.278,0.8,0.8,1.0,0.523,0.4,0.4,1.0,0.0,1.8,1.8,1.0,0.8,0.0,0.0,0.6,5.0,merrisa01
420,331,Chimezie Metu,PF,25,SAC,66,0,10.4,2.0,3.3,0.589,0.1,0.6,0.237,1.8,2.7,0.663,0.61,0.8,1.1,0.74,0.7,2.3,3.0,0.6,0.3,0.3,0.5,1.2,4.9,metuch01
421,332,Khris Middleton,SF,31,MIL,33,19,24.3,5.4,12.3,0.436,1.5,4.9,0.315,3.8,7.4,0.516,0.499,2.8,3.1,0.902,0.8,3.4,4.2,4.9,0.7,0.2,2.2,2.1,15.1,middlkh01
422,333,Patty Mills,PG,34,BRK,40,2,14.2,2.2,5.2,0.411,1.2,3.4,0.366,0.9,1.9,0.493,0.529,0.6,0.8,0.833,0.2,0.9,1.1,1.4,0.4,0.1,0.8,0.8,6.2,millspa02
423,334,Shake Milton,SG,26,PHI,76,11,20.6,3.2,6.6,0.479,0.7,1.9,0.378,2.4,4.7,0.521,0.535,1.3,1.5,0.853,0.5,2.0,2.5,3.2,0.3,0.2,1.2,1.6,8.4,miltosh01
425,336,Josh Minott,SF,20,MIN,15,0,6.4,1.2,2.4,0.5,0.1,0.4,0.333,1.1,2.0,0.533,0.528,0.5,0.5,1.0,0.3,1.3,1.7,0.3,0.3,0.4,0.2,0.7,3.1,minotjo01
426,337,Davion Mitchell,PG,24,SAC,80,9,18.1,2.3,5.0,0.454,0.8,2.5,0.32,1.5,2.5,0.584,0.533,0.3,0.4,0.806,0.2,1.1,1.3,2.3,0.6,0.2,0.8,1.4,5.6,mitchda01
427,338,Donovan Mitchell,SG,26,CLE,68,68,35.8,10.0,20.6,0.484,3.6,9.3,0.386,6.4,11.3,0.566,0.572,4.7,5.4,0.867,0.9,3.3,4.3,4.4,1.5,0.4,2.6,2.5,28.3,mitchdo01
428,339,Evan Mobley,PF,21,CLE,79,79,34.4,6.6,12.0,0.554,0.3,1.3,0.216,6.4,10.7,0.595,0.566,2.6,3.8,0.674,2.4,6.6,9.0,2.8,0.8,1.5,1.8,2.8,16.2,mobleev01
429,340,Isaiah Mobley,PF,23,CLE,12,0,7.0,1.0,2.3,0.429,0.3,0.7,0.375,0.8,1.7,0.45,0.482,0.3,0.3,1.0,0.3,1.3,1.7,0.3,0.3,0.3,0.1,0.7,2.6,mobleis01
430,341,Chima Moneke,SF,27,SAC,2,0,4.0,0.5,1.0,0.5,0.0,0.0,,0.5,1.0,0.5,0.5,0.0,1.0,0.0,1.0,0.0,1.0,0.5,0.0,0.0,1.0,1.0,1.0,monekch01
431,342,Malik Monk,SG,24,SAC,77,0,22.3,4.6,10.3,0.448,1.9,5.2,0.359,2.8,5.2,0.538,0.538,2.4,2.7,0.889,0.4,2.2,2.6,3.9,0.6,0.3,1.9,1.6,13.5,monkma01
432,343,Moses Moody,SG,20,GSW,63,3,13.0,1.7,3.6,0.476,0.8,2.1,0.363,0.9,1.5,0.641,0.584,0.6,0.8,0.698,0.4,1.2,1.7,0.8,0.3,0.1,0.5,0.9,4.8,moodymo01
433,344,Xavier Moon,SG,28,LAC,4,0,5.0,0.8,2.3,0.333,0.3,0.8,0.333,0.5,1.5,0.333,0.389,0.0,0.0,,0.0,0.8,0.8,1.3,0.0,0.0,0.3,0.5,1.8,moonxa01
434,345,Wendell Moore Jr.,SG,21,MIN,29,2,5.3,0.6,1.5,0.419,0.1,0.6,0.118,0.6,0.9,0.615,0.442,0.1,0.2,0.8,0.1,0.5,0.6,0.6,0.3,0.2,0.3,0.4,1.4,moorewe01
435,346,Ja Morant,PG,23,MEM,61,59,31.9,9.3,19.9,0.466,1.5,4.9,0.307,7.8,15.0,0.519,0.504,6.1,8.1,0.748,1.0,4.9,5.9,8.1,1.1,0.3,3.4,1.6,26.2,moranja01
436,347,Marcus Morris,PF,33,LAC,65,65,28.1,4.2,9.9,0.426,1.7,4.7,0.364,2.5,5.2,0.484,0.513,1.0,1.3,0.782,0.4,3.5,4.0,1.8,0.6,0.3,0.9,2.1,11.2,morrima03
438,348,Markieff Morris,PF,33,BRK,27,1,10.6,1.2,3.0,0.402,0.7,1.8,0.408,0.5,1.2,0.394,0.524,0.4,0.4,1.0,0.5,1.7,2.2,0.9,0.3,0.2,0.5,1.2,3.6,morrima02
442,351,Dejounte Murray,SG,26,ATL,74,74,36.4,8.3,17.8,0.464,1.8,5.2,0.344,6.5,12.6,0.514,0.514,2.1,2.6,0.832,0.7,4.5,5.3,6.1,1.5,0.3,2.2,1.4,20.5,murrade01
443,352,Jamal Murray,PG,25,DEN,65,65,32.8,7.3,16.0,0.454,2.6,6.6,0.398,4.6,9.4,0.494,0.537,2.8,3.3,0.833,0.7,3.2,4.0,6.2,1.0,0.2,2.2,1.6,20.0,murraja01
444,353,Keegan Murray,SF,22,SAC,80,78,29.8,4.4,9.8,0.453,2.6,6.3,0.411,1.9,3.5,0.527,0.584,0.8,1.0,0.765,1.1,3.5,4.6,1.2,0.8,0.5,0.8,2.0,12.2,murrake02
447,354,Mike Muscala,C,31,BOS,20,4,16.2,2.1,4.5,0.472,1.3,3.3,0.385,0.9,1.2,0.708,0.612,0.5,0.7,0.692,0.7,2.7,3.4,0.6,0.2,0.3,0.5,1.4,5.9,muscami01
449,355,Svi Mykhailiuk,SF,25,NYK,13,0,3.1,0.5,0.9,0.5,0.5,0.8,0.6,0.0,0.2,0.0,0.75,0.2,0.4,0.6,0.0,0.5,0.5,0.1,0.1,0.0,0.2,0.1,1.6,mykhasv01
454,359,Raul Neto,PG,30,CLE,48,1,10.5,1.2,2.3,0.518,0.3,0.9,0.286,0.9,1.4,0.662,0.573,0.6,0.7,0.912,0.2,0.8,1.0,1.6,0.4,0.1,0.5,1.0,3.3,netora01
455,360,Georges Niang,PF,29,PHI,78,1,19.4,2.8,6.4,0.442,2.0,4.9,0.401,0.9,1.5,0.576,0.596,0.5,0.6,0.867,0.2,2.1,2.4,1.0,0.4,0.2,0.7,1.9,8.2,niangge01
457,362,Zeke Nnaji,PF,22,DEN,53,5,13.7,2.1,3.7,0.561,0.3,1.2,0.262,1.8,2.5,0.71,0.605,0.8,1.2,0.645,1.2,1.4,2.6,0.3,0.3,0.4,0.6,2.0,5.2,nnajize01
460,363,Nerlens Noel,C,28,BRK,3,1,14.3,0.3,2.0,0.167,0.0,0.0,,0.3,2.0,0.167,0.167,0.3,0.7,0.5,1.0,2.0,3.0,1.0,1.0,0.3,1.7,2.3,1.0,noelne01
461,364,Jaylen Nowell,SG,23,MIN,65,2,19.3,4.3,9.6,0.448,1.0,3.6,0.289,3.3,6.0,0.542,0.502,1.2,1.5,0.778,0.6,2.1,2.6,2.0,0.6,0.1,1.0,1.6,10.8,nowelja01
464,366,Kendrick Nunn,SG,27,LAL,39,2,13.5,2.6,6.4,0.406,1.1,3.2,0.325,1.6,3.2,0.488,0.488,0.4,0.5,0.81,0.1,1.3,1.4,0.9,0.3,0.1,0.8,0.9,6.7,nunnke01
468,368,Jordan Nwora,SF,24,MIL,38,3,15.7,2.0,5.2,0.386,1.1,2.7,0.392,0.9,2.5,0.379,0.487,1.0,1.1,0.86,0.8,2.3,3.1,1.0,0.3,0.2,0.9,0.9,6.0,nworajo01
470,369,Royce O'Neale,SF,29,BRK,76,53,31.7,3.0,7.8,0.386,2.1,5.5,0.389,0.9,2.3,0.379,0.524,0.7,0.9,0.725,0.7,4.3,5.1,3.7,0.9,0.6,1.5,3.1,8.8,onealro01
472,371,Josh Okogie,SG,24,PHO,72,26,18.8,2.3,5.8,0.391,0.9,2.7,0.335,1.3,3.0,0.442,0.471,1.9,2.7,0.724,1.5,2.0,3.5,1.5,0.8,0.5,0.9,1.6,7.3,okogijo01
473,372,Onyeka Okongwu,C,22,ATL,80,18,23.1,4.0,6.2,0.638,0.1,0.2,0.308,3.9,6.1,0.647,0.642,1.9,2.5,0.781,2.7,4.5,7.2,1.0,0.7,1.3,1.0,3.1,9.9,okongon01
474,373,Isaac Okoro,SF,22,CLE,76,46,21.7,2.3,4.7,0.494,0.8,2.3,0.363,1.5,2.4,0.617,0.582,1.0,1.4,0.757,0.7,1.8,2.5,1.1,0.7,0.4,0.6,2.1,6.4,okorois01
475,374,KZ Okpala,PF,23,SAC,35,3,7.1,0.5,1.1,0.421,0.2,0.6,0.333,0.3,0.5,0.529,0.513,0.2,0.2,0.875,0.2,0.8,1.0,0.4,0.2,0.2,0.2,1.1,1.3,okpalkz01
476,375,Victor Oladipo,SG,30,MIA,42,2,26.3,3.8,9.6,0.397,1.7,5.0,0.33,2.1,4.5,0.471,0.484,1.4,1.9,0.747,0.4,2.7,3.0,3.5,1.4,0.3,2.1,2.4,10.7,oladivi01
481,378,Cedi Osman,SF,27,CLE,77,2,20.1,3.1,6.9,0.451,1.5,4.1,0.372,1.6,2.8,0.564,0.56,1.0,1.4,0.694,0.3,2.0,2.3,1.5,0.5,0.1,0.7,1.6,8.7,osmande01
483,380,Chris Paul,PG,37,PHO,59,59,32.0,5.0,11.3,0.44,1.7,4.4,0.375,3.3,6.9,0.482,0.513,2.3,2.7,0.831,0.5,3.8,4.3,8.9,1.5,0.4,1.9,2.1,13.9,paulch01
484,381,Cameron Payne,PG,28,PHO,48,15,20.2,3.9,9.4,0.415,1.4,3.9,0.368,2.5,5.6,0.448,0.49,1.0,1.3,0.766,0.3,2.0,2.2,4.5,0.7,0.2,1.7,1.8,10.3,payneca01
487,382,Gary Payton II,SG,30,GSW,7,0,16.0,2.4,4.0,0.607,0.6,1.3,0.444,1.9,2.7,0.684,0.679,0.3,0.4,0.667,2.0,2.3,4.3,1.1,0.9,0.6,0.6,2.0,5.7,paytoga02
489,384,Scotty Pippen Jr.,PG,22,LAL,6,0,5.3,0.7,2.0,0.333,0.2,0.5,0.333,0.5,1.5,0.333,0.375,0.8,1.5,0.556,0.3,0.3,0.7,0.3,0.3,0.2,0.3,0.5,2.3,pippesc02
492,385,Mason Plumlee,C,32,LAC,23,4,19.9,2.8,3.8,0.727,0.0,0.0,,2.8,3.8,0.727,0.727,1.9,2.5,0.772,1.8,5.1,6.9,1.7,0.5,0.5,1.3,2.4,7.5,plumlma01
497,388,Jordan Poole,PG,23,GSW,82,43,30.0,6.7,15.6,0.43,2.6,7.8,0.336,4.1,7.8,0.524,0.514,4.4,5.1,0.87,0.4,2.4,2.7,4.5,0.8,0.3,3.1,2.6,20.4,poolejo01
499,390,Michael Porter Jr.,SF,24,DEN,62,62,29.0,6.4,13.2,0.487,3.0,7.3,0.414,3.4,5.9,0.579,0.602,1.5,1.9,0.8,1.0,4.5,5.5,1.0,0.6,0.5,1.1,1.9,17.4,portemi01
501,392,Bobby Portis,PF,27,MIL,70,22,26.0,5.7,11.5,0.496,1.4,3.7,0.37,4.3,7.8,0.555,0.555,1.4,1.8,0.768,2.2,7.4,9.6,1.5,0.4,0.2,1.2,1.6,14.1,portibo01
505,396,Norman Powell,SG,29,LAC,60,8,26.1,5.7,11.8,0.479,1.9,4.8,0.397,3.8,7.1,0.534,0.559,3.8,4.6,0.812,0.4,2.5,2.9,1.8,0.8,0.3,1.7,2.1,17.0,powelno01
506,397,Jason Preston,PG,23,LAC,14,0,8.9,1.3,2.9,0.439,0.4,1.3,0.278,0.9,1.6,0.565,0.5,0.0,0.1,0.0,0.1,1.4,1.6,1.9,0.1,0.0,0.7,0.5,2.9,prestja01
508,399,Taurean Prince,PF,28,MIN,54,4,22.1,3.3,7.0,0.467,1.4,3.6,0.381,1.9,3.4,0.557,0.565,1.2,1.4,0.844,0.3,2.2,2.4,1.6,0.5,0.3,1.3,2.3,9.1,princta02
509,400,Payton Pritchard,PG,25,BOS,48,3,13.4,2.1,5.1,0.412,1.2,3.2,0.364,0.9,1.9,0.495,0.527,0.3,0.3,0.75,0.5,1.3,1.8,1.3,0.3,0.0,0.8,0.8,5.6,pritcpa01
511,402,Neemias Queta,C,23,SAC,5,0,5.8,1.2,1.8,0.667,0.0,0.0,,1.2,1.8,0.667,0.667,0.0,0.4,0.0,1.0,1.2,2.2,0.2,0.0,0.4,0.2,1.4,2.4,quetane01
512,403,Immanuel Quickley,SG,23,NYK,81,21,28.9,5.2,11.6,0.448,2.1,5.6,0.37,3.1,6.0,0.521,0.537,2.5,3.1,0.819,0.7,3.4,4.2,3.4,1.0,0.2,1.2,2.0,14.9,quickim01
513,404,Lester Quinones,SG,22,GSW,4,0,4.5,0.5,1.3,0.4,0.5,1.0,0.5,0.0,0.3,0.0,0.6,1.0,1.5,0.667,0.3,0.5,0.8,0.5,0.3,0.0,1.3,0.0,2.5,quinole01
514,405,Julius Randle,PF,28,NYK,77,77,35.5,8.5,18.6,0.459,2.8,8.3,0.343,5.7,10.3,0.553,0.536,5.2,6.9,0.757,1.8,8.1,10.0,4.1,0.6,0.3,2.8,3.0,25.1,randlju01
515,406,Austin Reaves,SG,24,LAL,64,22,28.8,4.0,7.7,0.529,1.3,3.4,0.398,2.7,4.3,0.631,0.616,3.6,4.1,0.864,0.5,2.5,3.0,3.4,0.5,0.3,1.5,1.7,13.0,reaveau01
517,407,Cam Reddish,SF,23,NYK,20,8,21.9,3.1,6.8,0.449,0.9,2.8,0.304,2.2,4.0,0.55,0.511,1.5,1.7,0.879,0.4,1.2,1.6,1.0,0.8,0.4,0.8,1.6,8.4,reddica01
522,409,Paul Reed,C,23,PHI,69,2,10.9,1.8,3.0,0.593,0.0,0.1,0.167,1.8,2.9,0.606,0.596,0.6,0.7,0.745,1.6,2.2,3.8,0.4,0.7,0.7,0.7,1.8,4.2,reedpa01
523,410,Naz Reid,C,23,MIN,68,11,18.4,4.6,8.5,0.537,1.1,3.2,0.346,3.5,5.3,0.653,0.602,1.3,1.9,0.677,1.1,3.8,4.9,1.1,0.6,0.8,1.4,2.6,11.5,reidna01
529,414,Austin Rivers,SG,30,MIN,52,10,19.5,1.8,4.0,0.435,0.8,2.4,0.35,0.9,1.7,0.558,0.538,0.6,0.8,0.769,0.1,1.5,1.6,1.4,0.5,0.1,0.4,1.5,4.9,riverau01
530,415,Duncan Robinson,SF,28,MIA,42,1,16.5,2.1,5.6,0.371,1.5,4.6,0.328,0.6,1.1,0.556,0.504,0.7,0.8,0.906,0.2,1.5,1.6,1.1,0.3,0.0,0.7,1.8,6.4,robindu01
531,416,Mitchell Robinson,C,24,NYK,59,58,27.0,3.2,4.7,0.671,0.0,0.0,,3.2,4.7,0.671,0.671,1.0,2.1,0.484,4.5,4.9,9.4,0.9,0.9,1.8,0.7,2.7,7.4,robinmi01
532,417,Orlando Robinson,C,22,MIA,31,1,13.7,1.5,2.9,0.528,0.0,0.2,0.0,1.5,2.7,0.566,0.528,0.7,1.0,0.71,1.5,2.5,4.1,0.8,0.4,0.4,0.5,1.7,3.7,robinor01
535,420,David Roddy,PF,21,MEM,70,4,18.0,2.6,6.0,0.429,0.9,3.0,0.307,1.6,3.0,0.553,0.506,0.6,0.9,0.631,0.7,2.0,2.8,0.8,0.4,0.3,0.8,1.5,6.7,roddyda01
536,421,Ryan Rollins,PG,20,GSW,12,0,5.2,0.6,1.7,0.35,0.3,0.8,0.333,0.3,0.9,0.364,0.425,0.5,0.5,1.0,0.3,0.8,1.0,0.5,0.1,0.1,1.3,0.8,1.9,rolliry01
537,422,Derrick Rose,PG,34,NYK,27,0,12.5,2.3,5.9,0.384,0.7,2.3,0.302,1.6,3.6,0.438,0.443,0.4,0.4,0.917,0.3,1.2,1.5,1.7,0.3,0.2,0.8,0.7,5.6,rosede01
540,423,Terrence Ross,SG,31,PHO,21,0,18.4,3.4,7.9,0.428,1.6,4.7,0.347,1.8,3.2,0.544,0.53,0.6,0.7,0.857,0.6,2.7,3.3,2.0,0.5,0.1,0.3,2.1,9.0,rosste01
542,425,Ricky Rubio,PG,32,CLE,33,2,17.2,1.8,5.4,0.343,0.6,2.5,0.256,1.2,2.9,0.417,0.402,0.8,1.1,0.8,0.3,1.8,2.1,3.5,0.8,0.2,0.9,1.5,5.2,rubiori01
549,428,Domantas Sabonis,C,26,SAC,79,79,34.6,7.3,11.9,0.615,0.4,1.1,0.373,6.9,10.8,0.639,0.632,4.1,5.5,0.742,3.2,9.1,12.3,7.3,0.8,0.5,2.9,3.5,19.1,sabondo01
552,430,Dario Šarić,PF,28,PHO,37,12,14.4,2.1,4.8,0.427,0.7,1.9,0.391,1.3,2.9,0.45,0.503,1.0,1.2,0.818,1.1,2.8,3.8,1.5,0.4,0.1,1.0,1.9,5.8,saricda01
557,434,Dennis Schröder,PG,29,LAL,66,50,30.1,4.1,9.8,0.415,1.1,3.4,0.329,3.0,6.4,0.461,0.472,3.3,3.8,0.857,0.3,2.2,2.5,4.5,0.8,0.2,1.7,2.2,12.6,schrode01
562,439,Landry Shamet,SG,25,PHO,40,9,20.2,2.8,7.5,0.377,1.9,5.0,0.377,1.0,2.5,0.376,0.502,1.1,1.3,0.882,0.3,1.4,1.7,2.3,0.7,0.1,0.9,1.5,8.7,shamela01
563,440,Day'Ron Sharpe,C,21,BRK,48,3,11.5,1.9,3.6,0.544,0.1,0.2,0.545,1.8,3.3,0.544,0.561,0.7,1.1,0.636,2.1,2.1,4.2,0.8,0.3,0.7,0.9,1.9,4.7,sharpda01
567,444,Ben Simmons,PG,26,BRK,42,33,26.3,3.2,5.6,0.566,0.0,0.0,0.0,3.2,5.5,0.571,0.566,0.6,1.4,0.439,1.0,5.3,6.3,6.1,1.3,0.6,2.3,3.3,6.9,simmobe01
571,448,Jericho Sims,C,24,NYK,52,16,15.6,1.6,2.1,0.776,0.0,0.0,0.0,1.6,2.0,0.783,0.776,0.2,0.3,0.75,1.9,2.8,4.7,0.5,0.3,0.5,0.5,1.8,3.4,simsje01
572,449,Marcus Smart,PG,28,BOS,61,61,32.1,4.1,9.9,0.415,1.9,5.6,0.336,2.2,4.3,0.519,0.511,1.4,1.9,0.746,0.8,2.4,3.1,6.3,1.5,0.4,2.3,2.8,11.5,smartma01
577,452,Ish Smith,PG,34,DEN,43,0,9.3,1.2,3.0,0.397,0.0,0.3,0.167,1.2,2.8,0.42,0.405,0.0,0.1,0.5,0.1,1.1,1.3,2.3,0.2,0.2,1.0,0.8,2.5,smithis01
582,457,Jaden Springer,SG,20,PHI,16,2,5.6,1.1,2.2,0.486,0.1,0.3,0.4,0.9,1.9,0.5,0.514,0.4,0.5,0.75,0.4,0.5,0.9,0.5,0.4,0.2,0.2,0.9,2.6,sprinja01
583,458,Lamar Stevens,SF,25,CLE,62,25,18.1,2.1,4.6,0.448,0.5,1.5,0.316,1.6,3.1,0.513,0.5,0.6,0.9,0.702,0.8,2.6,3.3,0.5,0.4,0.3,0.4,1.3,5.3,stevela01
585,460,Max Strus,SF,26,MIA,80,33,28.4,4.1,9.9,0.41,2.5,7.0,0.35,1.6,2.8,0.559,0.535,1.0,1.1,0.876,0.6,2.6,3.2,2.1,0.5,0.2,0.9,2.1,11.5,strusma01
587,462,Edmond Sumner,SG,27,BRK,53,12,13.9,2.3,5.1,0.461,0.6,1.6,0.356,1.8,3.4,0.511,0.519,1.9,2.0,0.917,0.2,1.2,1.5,1.3,0.6,0.2,0.9,1.6,7.1,sumneed01
588,463,Cole Swider,SF,23,LAL,7,0,5.9,0.4,1.3,0.333,0.4,1.1,0.375,0.0,0.1,0.0,0.5,0.0,0.0,,0.1,0.9,1.0,0.6,0.0,0.0,0.0,0.4,1.3,swideco01
590,465,Jayson Tatum,SF,24,BOS,74,74,36.9,9.8,21.1,0.466,3.2,9.3,0.35,6.6,11.8,0.558,0.543,7.2,8.4,0.854,1.1,7.7,8.8,4.6,1.1,0.7,2.9,2.2,30.1,tatumja01
597,470,Cam Thomas,SG,21,BRK,57,4,16.6,3.5,8.0,0.441,0.9,2.3,0.383,2.6,5.7,0.464,0.497,2.6,3.1,0.868,0.1,1.5,1.7,1.4,0.4,0.1,1.1,1.0,10.6,thomaca02
598,471,Klay Thompson,SF,32,GSW,69,69,33.0,7.9,18.1,0.436,4.4,10.6,0.412,3.6,7.6,0.47,0.556,1.7,1.9,0.879,0.6,3.6,4.1,2.4,0.7,0.4,1.8,1.9,21.9,thompkl01
601,473,Matisse Thybulle,SF,25,PHI,49,6,12.1,1.0,2.4,0.431,0.4,1.3,0.333,0.6,1.1,0.547,0.522,0.2,0.2,0.75,0.4,0.9,1.3,0.5,0.9,0.3,0.2,1.3,2.7,thybuma01
603,474,Xavier Tillman Sr.,C,24,MEM,61,29,19.3,3.1,5.0,0.614,0.1,0.2,0.267,3.0,4.8,0.632,0.621,0.8,1.5,0.551,2.0,3.0,5.0,1.6,1.0,0.5,0.7,1.6,7.0,tillmxa01
605,476,Obi Toppin,PF,24,NYK,67,5,15.7,2.8,6.3,0.446,1.3,3.7,0.344,1.5,2.6,0.593,0.548,0.6,0.7,0.809,0.4,2.4,2.8,1.0,0.3,0.2,0.6,1.0,7.4,toppiob01
607,477,Juan Toscano-Anderson,SF,29,LAL,30,7,12.2,1.1,2.2,0.5,0.1,0.7,0.2,1.0,1.5,0.63,0.53,0.4,0.5,0.733,0.5,1.6,2.0,0.8,0.3,0.2,0.6,1.5,2.7,toscaju01
609,478,Karl-Anthony Towns,PF,27,MIN,29,29,33.0,7.3,14.8,0.495,2.1,5.7,0.366,5.2,9.1,0.576,0.565,4.1,4.7,0.874,1.7,6.5,8.1,4.8,0.7,0.6,3.0,3.8,20.8,townska01
611,480,P.J. Tucker,PF,37,PHI,75,75,25.6,1.3,3.0,0.427,0.7,1.9,0.393,0.5,1.1,0.482,0.549,0.3,0.3,0.826,1.3,2.7,3.9,0.8,0.5,0.2,0.6,2.4,3.5,tuckepj01
617,484,Jarred Vanderbilt,PF,23,LAL,26,24,24.0,2.8,5.4,0.529,0.4,1.3,0.303,2.5,4.1,0.598,0.564,1.1,1.4,0.784,1.9,4.8,6.7,1.6,1.2,0.2,1.1,2.2,7.2,vandeja01
620,487,Gabe Vincent,PG,26,MIA,68,34,25.9,3.4,8.3,0.402,1.7,5.1,0.334,1.6,3.2,0.512,0.505,1.0,1.1,0.872,0.4,1.7,2.1,2.5,0.9,0.1,1.4,2.3,9.4,vincega01
621,488,Noah Vonleh,C,27,BOS,23,1,7.4,0.5,1.0,0.458,0.0,0.2,0.25,0.4,0.9,0.5,0.479,0.1,0.1,1.0,0.8,1.3,2.1,0.3,0.1,0.3,0.5,1.5,1.1,vonleno01
626,493,Ish Wainright,SF,28,PHO,60,2,15.3,1.4,3.8,0.37,1.0,2.9,0.329,0.5,0.9,0.5,0.496,0.4,0.5,0.839,0.8,1.6,2.3,0.9,0.6,0.4,0.4,2.0,4.2,wainris01
629,496,Lonnie Walker IV,SG,24,LAL,56,32,23.2,4.2,9.4,0.448,1.6,4.4,0.365,2.6,5.0,0.522,0.534,1.6,1.9,0.858,0.3,1.7,1.9,1.1,0.5,0.3,0.8,1.3,11.7,walkelo01
630,497,John Wall,PG,32,LAC,34,3,22.2,4.1,9.9,0.408,1.0,3.2,0.303,3.1,6.7,0.459,0.457,2.3,3.3,0.681,0.4,2.3,2.7,5.2,0.8,0.4,2.4,1.7,11.4,walljo01
632,498,T.J. Warren,PF,29,BRK,26,0,18.8,3.9,7.7,0.51,0.6,1.8,0.333,3.3,5.8,0.566,0.55,1.0,1.3,0.818,0.5,2.3,2.8,1.1,0.6,0.3,0.7,1.7,9.5,warretj01
634,499,Duane Washington Jr.,SG,22,PHO,31,3,12.7,3.0,8.3,0.367,1.3,3.6,0.36,1.7,4.7,0.372,0.445,0.5,0.8,0.667,0.1,1.1,1.2,2.0,0.2,0.1,1.1,0.7,7.9,washidu02
637,502,Yuta Watanabe,SF,28,BRK,58,1,16.0,2.0,4.0,0.491,1.0,2.3,0.444,0.9,1.7,0.557,0.621,0.6,0.8,0.723,0.5,1.9,2.4,0.8,0.4,0.3,0.4,1.4,5.6,watanyu01
640,505,Peyton Watson,SG,20,DEN,23,2,8.1,1.3,2.6,0.492,0.3,0.6,0.429,1.0,2.0,0.511,0.542,0.5,0.9,0.55,0.3,1.3,1.6,0.5,0.1,0.5,0.3,0.6,3.3,watsope01
646,509,Derrick White,SG,28,BOS,82,70,28.3,4.3,9.2,0.462,1.8,4.8,0.381,2.5,4.5,0.548,0.56,2.0,2.3,0.875,0.6,2.9,3.6,3.9,0.7,0.9,1.2,2.2,12.4,whitede01
647,510,Jack White,SF,25,DEN,17,0,3.9,0.5,1.1,0.421,0.2,0.5,0.333,0.3,0.6,0.5,0.5,0.1,0.2,0.667,0.4,0.6,1.0,0.2,0.2,0.1,0.1,0.5,1.2,whiteja03
650,513,Andrew Wiggins,SF,27,GSW,37,37,32.2,6.8,14.3,0.473,2.4,6.1,0.396,4.4,8.2,0.53,0.557,1.2,1.9,0.611,1.6,3.4,5.0,2.3,1.2,0.8,1.3,2.9,17.1,wiggian01
651,514,Lindell Wigginton,PG,24,MIL,7,1,12.4,2.6,5.3,0.486,0.9,2.6,0.333,1.7,2.7,0.632,0.568,1.1,1.3,0.889,0.0,1.0,1.0,2.0,0.0,0.3,1.7,1.0,7.1,wiggili01
652,515,Alondes Williams,SG,23,BRK,1,0,5.0,0.0,0.0,,0.0,0.0,,0.0,0.0,,,0.0,0.0,,0.0,1.0,1.0,0.0,0.0,0.0,2.0,1.0,0.0,willial06
653,516,Donovan Williams,SG,21,ATL,2,0,2.0,1.0,2.5,0.4,0.0,1.0,0.0,1.0,1.5,0.667,0.4,0.0,0.0,,0.0,1.0,1.0,0.0,0.0,0.0,0.0,0.0,2.0,willido02
654,517,Grant Williams,PF,24,BOS,79,23,25.9,2.7,6.0,0.454,1.5,3.7,0.395,1.3,2.3,0.546,0.575,1.2,1.5,0.77,1.1,3.5,4.6,1.7,0.5,0.4,1.0,2.4,8.1,willigr01
661,524,Robert Williams,C,25,BOS,35,20,23.5,3.6,4.9,0.747,0.0,0.0,0.0,3.6,4.8,0.751,0.747,0.7,1.2,0.61,3.0,5.4,8.3,1.4,0.6,1.4,1.0,1.9,8.0,williro04
662,525,Vince Williams Jr.,SG,22,MEM,15,1,7.0,0.8,2.7,0.3,0.3,1.9,0.143,0.5,0.8,0.667,0.35,0.1,0.1,1.0,0.3,0.7,1.0,0.3,0.4,0.1,0.3,0.8,2.0,willivi01
663,526,Ziaire Williams,SF,21,MEM,37,4,15.2,2.3,5.3,0.429,0.7,2.6,0.258,1.6,2.7,0.596,0.492,0.5,0.6,0.773,0.4,1.7,2.1,0.9,0.4,0.2,1.0,1.6,5.7,willizi02
665,528,Dylan Windler,SF,26,CLE,3,0,3.3,0.7,1.0,0.667,0.3,0.7,0.5,0.3,0.3,1.0,0.833,0.0,0.0,,0.0,0.0,0.0,0.3,0.3,0.0,0.3,0.0,1.7,windldy01
668,530,James Wiseman,C,21,GSW,21,0,12.5,2.8,4.5,0.628,0.0,0.1,0.5,2.8,4.4,0.63,0.633,1.2,1.8,0.684,0.9,2.6,3.5,0.7,0.1,0.3,0.7,1.9,6.9,wisemja01
675,536,Trae Young,PG,24,ATL,73,73,34.8,8.2,19.0,0.429,2.1,6.3,0.335,6.1,12.7,0.476,0.485,7.8,8.8,0.886,0.8,2.2,3.0,10.2,1.1,0.1,4.1,1.4,26.2,youngtr01
676,537,Omer Yurtseven,C,24,MIA,9,0,9.2,1.8,3.0,0.593,0.3,0.8,0.429,1.4,2.2,0.65,0.648,0.6,0.7,0.833,0.9,1.7,2.6,0.2,0.2,0.2,0.4,1.8,4.4,yurtsom01
677,538,Cody Zeller,C,30,MIA,15,2,14.5,2.5,3.9,0.627,0.0,0.1,0.0,2.5,3.8,0.649,0.627,1.6,2.3,0.686,1.7,2.6,4.3,0.7,0.2,0.3,0.9,2.2,6.5,zelleco01
678,539,Ivica Zubac,C,25,LAC,76,76,28.6,4.3,6.8,0.634,0.0,0.0,0.0,4.3,6.7,0.637,0.634,2.2,3.1,0.697,3.1,6.8,9.9,1.0,0.4,1.3,1.5,2.9,10.8,zubaciv01
